Nombre,Apellido,Correo,Direccion,RTN,Activo
James,Butt,james_butt@hotmail.com,Barrio El Centro,0501199005012,TRUE
Josephine,Darakjy,josephine_darakjy@gmail.com,Col. Miramontes,0502199005011,TRUE
Art,Venere,art_venere@outlook.com,Col. Hato de En Medio,0501199105010,TRUE
Lenna,Paprocki,paprocki@hotmail.com,Barrio Concepción,0503199005014,TRUE
Donette,Foller,donette_foller25@hotmail.com,0502198903012,TRUE
Simona,Morasca,simona1991@gmail.com,Col. Miramontes,0505199002013,TRUE
Mitsue,Tollner,tollner@gmail.com,Col. Miramontes,0503199105022,TRUE
Leota,Dilliard,leota_dilliard54@outlook.com,Col. Miramontes,0503198803012,TRUE
Sage,Wieser,sage52_wieser@outlook.com,Col. Lomas del Country,0501199005002,TRUE
Kris,Marrier,krismarrier13@outlook.com,Col. Lomas del Country,0501199005011,TRUE
Minna,Amigon,minna_amigon@gmail.com,Col. Lomas del Country,0501199005010,TRUE
Abel,Maclead,abel_maclead@gmail.com,Col. Miraflores,0503199005007,TRUE
Kiley,Caldarera,kiley_caldarena@gmail.com,Col. Miraflores,0501199005015,TRUE
Graciela,Ruta,graciela_ruta95@hotmail.com,Col. Miraflores,0501198505010,TRUE
Cammy,Albares,cammyalbares45@hotmail.com,Residencial San Juan Casa No.31,0501199005045,TRUE
Mattie,Poquette,mattie_poquette25@hotmail.com,Residencial San Juan Casa No.31,0501199008000,TRUE
Meaghan,Garufi,meaghan_garufi58@hotmail.com,Colonia Universidad Norte,0504199002013,TRUE
Gladys,Rim,gladys_rim1@outlook.com,Colonia Universidad Norte,0501199105019,TRUE
Yuki,Whobrey,yuki_whobrey74@outlook.com,Col. Torocagua,0502198905002,TRUE
Fletcher,Flosi,fletecher59@outlook.com,Col. Torocagua,0501199005052,TRUE
Bette,Nicka,bette_nicka7@gmail.com,Col. Torocagua,0501199005050,TRUE
Veronika,Inouye,veronika_inouye47@gmail.com,Edificio El Centro,0501199005022,TRUE
Willard,Kolmetz,willard58@gmail.com,Residencial Altos de Miraflores Sur,0501199005032,TRUE
Maryann,Royster,mayrann789@hotmail.com,Residencial Altos de Miraflores Sur,0501199005035,TRUE
Alisha,Slusarski,alisha_slusarski03@hotmail.com,Col. Miramontes,0504199004042,TRUE
Allene,Iturbide,allene_iturbide@hotmail.com,Col. Miramontes,0502199005044,TRUE
Chanel,Caudy,chanel854@hotmail.com,Col. Cerro Grande,0501199005018,TRUE
Ezekiel,Chui,ezekiel_chidi90@hotmail.com,Col. Cerro Grande,0501199005019,TRUE
Willow,Kusko,willow26@hotmail.com,Torre metrópolis,0501199005023,TRUE
Bernardo,Figeroa,bernardo_figeroa4562@hotmail.com,Torre metrópolis,0501199008024,TRUE
Ammie,Corrio,ammie_corrio45@gmail.com,Torre metrópolis,0502199005026,TRUE
Francine,Vocelka,franciene@gmail.com,Col. Castaño 2da calle No.2802,0503199005027,TRUE
Ernie,Stenseth,ernie_stenseth4@gmail.com,Col. Castaño 2da calle No.2802,0502199001024,TRUE
Albina,Glick,albina@gmail.com,Col. Castaño 2da calle No.2802,0506199007025,TRUE
Alishia,Sergi,alishia@outlook.com,Welchez And Associates Law Firm,0505198805042,TRUE
Solange,Shinko,solange@outlook.com,Welchez And Associates Law Firm,0500199005028,TRUE
Jose,Stockham,jose1980@gmail.com,Colonia Elvel,0301199005072,TRUE
Rozella,Ostrosky,rozella09@gmail.com,Colonia Elvel,0503199005058,TRUE
Valentine,Gillian,valentine00@gmail.com,Colonia Elvel,0504199005412,TRUE
Kati,Rulapaugh,kati_rula05@hotmail.com,Col. Lomas de Loarque,0502199005036,TRUE
Youlanda,Schemmer,youlanda55@hotmail.com,Col. Lomas de Loarque,0500199105026,TRUE
Dyan,Oldroyd,dyan45@hotmail.com,Col. Fesitranh,0500199003011,TRUE
Roxane,Campain,roxane_campian23@outlook.com,Col. Fesitranh,0301198905012,TRUE
Lavera,Perin,lavera_perin34@outlook.com,Col. Miramontes,0302199001019,TRUE
Erick,Ferencz,erick23@outlook.com,Col. Cerro Grande,0201199104022,TRUE
Fatima,Saylors,fatimasyalor85@gmail.com,Col. Castaño 3ra calle,050119910272,TRUE
Jina,Briddick,jina789@gmail.com,Col. Cerro Grande,0301199005000,TRUE
Kanisha,Waycott,kanisha78@gmail.com,Col. Cerro Grande,0302199001010,TRUE
Emerson,Bowley,emerson90@hotmail.com,Col. Cerro Grande,0503199001089,TRUE
Blair,Malet,blair_malet@hotmail.com,Col. Cerro Grande,0501199003099,TRUE